x1,x2,x3,x4,x5,x6,y,x7
107.61951,-13.623631,209.36855,102.82406,.46808413,13.563122,192.51163,.44130081
33.587513,-23.371927,225.08479,139.88103,3.7255666,48.181801,-990.60114,.39142758
-4.5996656,-1.845957,190.21161,87.637749,1.638929,-39.437923,356.62704,.23013461
27.162687,-3.7164359,142.04376,164.99074,.36910042,-2.7458093,515.06104,.39422756
18.29637,-48.722527,242.83101,128.59225,.83363575,56.981712,-6500.2524,.49606067
12.147639,-6.7192307,190.68037,126.0899,4.5742097,-22.919134,620.82001,.041783541
19.579491,-15.60857,164.11287,142.05087,2.4048936,-16.102253,-154.75761,.41315421
34.743759,-12.801431,144.45732,125.48498,.31280902,-5.7184267,267.46573,.17418541
63.211338,-17.941889,162.38885,95.976265,3.3158829,48.328289,-143.97928,.13021679
53.353355,-29.071693,159.58647,151.78365,.46805969,-21.537817,-1641.0623,.26637006
51.696342,-19.183455,192.47884,157.53729,3.9689169,35.535122,-499.57648,.48074701
36.128014,-34.78326,159.71567,132.7489,2.2864056,-1.4911338,-2859.9141,.034133978
50.511669,-18.529886,206.52144,109.24405,4.9739823,-30.987101,-504.66406,.14355688
-2.1247995,5.8771582,142.65154,111.89467,1.9651867,-18.544254,540.97314,.021776125
16.300613,-30.610302,189.9697,145.22711,3.2684426,43.610821,-2134.783,.015114984
7.135231,-29.287659,182.98726,95.986717,1.5848126,-26.134596,-2102.9167,.31266499
79.352341,-4.4076715,183.41792,117.12056,3.0132244,-38.26144,772.32349,.20234409
67.665504,-40.363609,175.24072,133.66513,1.5665388,10.532766,-4238.5386,.32264251
-53.701187,-23.950712,125.04433,139.0739,4.0670238,-28.639841,-1209.4629,.056094613
-21.739641,-25.917738,146.94357,131.25438,.16368136,60.323071,-1464.3446,.062059037
32.980202,-14.201792,190.01541,116.57559,1.0559129,57.962074,89.797813,.32411692
49.700176,-17.830128,170.80347,116.4501,2.5959761,16.80172,-305.48462,.2278524
60.529827,-39.887093,174.84921,125.44108,3.0808821,-19.489473,-4122.043,.075999372
9.9939871,-1.9158715,188.4095,130.81575,.6556626,63.206444,682.76593,.12681818
65.486687,-12.989234,206.19856,111.4213,4.561049,50.317009,245.30774,.07261385
59.874161,-39.683338,217.8647,181.86382,1.8200802,34.718674,-3992.9734,.3599638
75.703461,-21.422798,151.98235,154.08923,2.6114876,.20045327,-597.44373,.36447823
18.121513,-28.489519,122.44675,96.018402,.32273969,29.124607,-2068.2297,.38917097
-11.353334,-6.2643614,147.23489,138.90858,3.0713673,-4.9128504,422.82251,.35385296
47.05822,-19.862169,227.64738,120.36826,.57503396,72.319359,-430.77945,.18250358
31.030743,.97314745,142.42638,155.90173,4.0100183,-69.094475,793.87122,.051868808
-2.2538824,-29.471128,130.31737,131.58221,.48796853,-49.823353,-2155.5144,.2613084
-9.8013144,-27.605339,205.895,113.66933,1.1010901,-22.194288,-1559.4873,.040132541
19.343801,3.0067439,186.62018,136.84099,4.5153227,90.658813,571.09424,.12271762
46.369469,-21.975258,123.78719,114.99368,3.9472406,-48.729385,-861.91302,.0054432647
9.8995619,-36.722725,175.45535,152.27306,3.7659955,-17.674875,-3526.7065,.10885658
-5.195395,-25.36034,204.18089,126.9603,.38489613,9.8487673,-1305.7576,.084254354
5.6786313,-4.0464802,167.98801,118.90514,1.1770526,6.6248331,764.31201,.2475809
51.744904,-14.195345,193.60249,125.38634,2.9660115,3.8929491,-69.30471,.11404758
57.535267,-10.894102,191.12135,128.07146,1.9129473,-33.95895,157.32645,.38110334
-5.8635545,-27.87771,166.65678,136.17543,.36407733,16.415295,-1591.9729,.024459727
31.946608,5.5827193,185.42216,135.74132,.88355809,-33.035519,491.75858,.3169412
139.46817,-43.237682,170.64995,163.87677,.66262895,12.676306,-4587.5503,.46070987
-19.205524,-32.712837,126.15203,141.97826,.67526716,8.7714205,-2552.5374,.14813451
60.156147,-3.4767179,146.07416,139.05316,3.4698462,-11.871603,691.91071,.24787611
88.055847,-19.587545,206.40128,164.7451,2.2349248,-44.759155,-408.31372,.3078931
30.19648,3.4658618,240.8231,132.34451,2.0205123,-22.922747,652.03345,.43183574
78.833595,-17.784403,221.93269,143.83592,2.4328265,35.628407,-325.6265,.082262792
7.1286111,-14.136561,154.04688,169.25505,3.2691107,-18.481798,97.931717,.077703871
88.597282,-25.026001,210.81215,129.35527,4.9142575,-21.167957,-1156.9806,.38570783
82.855911,-1.1991237,205.48943,117.85908,.65185839,-5.8930793,943.1283,.19007078
51.831921,-28.837772,212.88539,167.79834,2.9582188,50.005066,-1753.4487,.0087357303
39.382793,-36.31181,141.86739,121.11126,4.7486634,9.1483078,-3256.8542,.075189605
98.61438,-23.140917,174.39925,89.136223,4.7975297,21.806664,-998.25647,.44605511
19.779629,-32.446686,143.5979,99.039886,4.8155637,-55.754692,-2694.3928,.44147891
37.433899,-27.838404,138.95522,81.608856,.92951542,14.276455,-1830.0437,.32336503
24.553108,-23.628969,158.00266,105.40192,3.0155969,-10.738123,-1049.7158,.11063808
76.486099,-15.393811,167.04872,146.7674,2.0362935,-40.363503,-32.293812,.41634628
65.676048,-.21035659,175.41837,111.8046,3.6555526,-36.634041,687.13306,.020869449
64.138069,-21.986338,147.16336,139.57042,1.3150696,-20.994635,-737.86401,.22070327
71.477951,-39.630096,223.56436,169.90549,1.7899613,-20.359434,-4169.2666,.29914275
54.894882,-44.134022,145.50682,101.36192,4.7455335,-2.9887209,-5209.7065,.39417896
42.515015,15.079879,149.8643,125.76424,3.9305446,47.414463,-50.015022,.12622574
70.566505,-10.031296,124.17469,94.269127,.83118546,.82642245,251.04442,.27055702
47.666065,-23.21349,192.29774,152.45685,.57238406,33.104195,-1058.6332,.086184874
40.831829,-39.863113,164.59941,168.31606,.81507653,38.883526,-4142.606,.34488678
53.659485,-20.416183,219.95724,143.25972,3.6004455,13.922969,-311.81348,.26241484
16.661947,-25.746984,205.66261,142.53622,.15670939,14.864249,-1440.7933,.39250898
24.269812,-34.26125,179.44696,93.14959,1.2135718,-4.1472273,-3092.5947,.39358172
26.800146,-34.871109,201.18991,127.43285,4.3898411,35.698574,-3170.4412,.31544325
69.949287,-23.485374,227.37695,157.38608,4.31533,14.864739,-775.53448,.49514109
-18.198845,3.8679931,183.1638,115.91911,1.9534336,-41.444904,454.46771,.30536181
22.542534,-32.301826,169.64919,137.05493,4.6172714,-22.401278,-2533.6685,.37019494
15.759801,-25.62961,159.87263,94.655525,4.9318266,33.005543,-1424.353,.39681959
68.517006,-31.77128,142.01482,146.06853,2.1909988,-33.63871,-2360.8423,.49243456
-20.66209,17.466574,187.03514,163.2951,.93566072,-13.036469,-274.45291,.49148288
18.809929,-16.774782,201.62906,140.78474,1.3125911,23.529852,-121.23745,.06829115
84.677986,-17.334213,222.51852,157.56598,.81580997,-35.087223,-157.57709,.019745927
3.0968025,-16.845278,128.57321,147.69002,4.833858,20.639215,-337.63593,.18510918
47.053051,-25.175537,150.00426,92.187553,2.2617476,-37.783596,-1167.4214,.31545129
94.031303,-13.985064,156.43033,134.12549,.56705612,-17.60273,310.68854,.44229895
13.329064,-14.419362,167.13701,132.32111,2.7390752,-8.7462111,245.18729,.42814237
78.667465,-41.137215,216.62537,175.78885,2.1141274,-6.406508,-4385.8188,.090444393
39.842113,-37.742065,226.54501,167.19667,2.8619807,-37.97506,-3686.3386,.11654702
2.9987974,-36.98896,146.2437,146.91681,2.3573143,2.8060334,-3654.0186,.13200638
99.594551,-16.659658,186.73265,168.88333,1.3127004,-8.3067179,20.774353,.076469958
46.854172,-35.234146,184.28754,120.81248,3.3743908,-23.733746,-3084.1733,.09290693
55.776203,-25.662254,170.42932,113.50986,.64936262,-36.319614,-1321.9181,.45667881
64.381096,-16.629404,154.91939,123.11286,4.0750713,10.945065,-175.24086,.14798337
78.976952,-20.935757,208.86357,122.66299,3.4689329,-8.7158031,-630.10077,.15706201
73.41832,-35.960831,192.3756,134.71941,2.2861836,-12.61082,-2992.1201,.34014338
9.1670322,-12.233246,151.5607,140.51978,1.1247712,-20.428164,-27.668461,.11583354
101.48759,-31.403811,164.43222,135.15627,1.6498567,-26.934397,-2051.4509,.015429317
12.480654,-5.3566351,179.96123,124.72692,3.2915392,-60.824013,736.49896,.46821198
47.895493,-29.716164,145.57697,112.96723,3.4185252,-38.285084,-2113.1467,.16936998
12.035136,-32.064407,190.67999,130.21869,4.2215834,12.444125,-2479.6907,.44402561
26.675554,-5.9046659,188.34975,113.72295,1.4003652,-19.519802,582.40594,.48094499
61.611317,-7.742744,148.88692,122.37086,4.9322605,-1.0645357,587.89819,.49459147
70.626587,-31.991243,187.63167,143.90137,.9278909,-.90851742,-2271.7363,.26432276
43.984436,-37.956497,210.60368,172.08376,1.5554614,-11.283598,-3631.48,.43725863
78.633217,-27.520248,212.95114,169.57983,.64170611,-32.471691,-1520.9385,.13551098
40.25005,-16.92754,182.11348,134.27979,1.5898299,4.4377489,-368.79071,.15509164
-6.8777299,.18473239,142.00548,146.89857,2.8993742,20.607998,207.18636,.10294638
80.527161,-20.617489,198.90028,137.04588,3.7465384,19.276636,-492.76407,.31619591
-8.7459412,18.86062,209.83849,122.96924,1.985405,22.562807,-350.12582,.14894445
28.698849,-31.712921,173.76845,119.25949,.075736351,-59.855251,-2227.0183,.36305118
19.037518,-23.750553,219.00223,139.37878,2.9662709,88.178185,-1005.919,.19749703
111.50603,-40.297962,166.40779,145.48865,.98849022,24.985302,-4344.0107,.40776169
127.12389,-11.201441,237.27057,158.04967,3.3487022,-12.705268,322.92908,.41889584
36.654282,-16.619324,172.39734,114.33847,.027547488,-24.814981,-91.588127,.25651917
-19.751926,-13.363227,133.11627,108.81337,2.0397356,8.2529335,-23.580605,.48965865
21.77228,-13.481618,122.92311,149.39444,4.7978764,-32.147995,-39.229759,.12173739
88.118408,-9.5644131,179.23361,171.1414,4.2630959,23.199574,625.19232,.42666164
22.566351,-33.291256,143.2207,126.64006,4.216424,-6.5281286,-2702.7056,.044931009
6.8612804,-36.05772,131.42136,118.04585,.15416075,40.934502,-3473.2246,.21323018
63.006863,-14.186345,234.10912,150.29591,1.8262632,16.27305,201.86726,.37135795
22.422604,-45.190575,155.74068,144.601,1.9801905,11.859607,-5601.9033,.44000497
-1.5096178,7.7514415,171.07411,167.5945,3.8157947,44.426929,675.28821,.41064185
-1.5056537,-30.172028,150.54437,124.38703,3.2298622,22.42384,-2047.1718,.41470385
41.508739,-7.7864957,221.40863,125.98621,3.393995,3.29949,634.28003,.10438626
67.469826,-26.660088,152.88158,149.1142,2.6585302,8.5862303,-1552.2961,.19255334
25.108856,-7.4551468,169.06952,99.68959,3.0718548,33.008904,389.0773,.34911588
55.351383,-60.351986,132.83685,109.94994,2.9867074,-21.474443,-10209.216,.13559897
49.872456,-14.466583,142.14771,115.4146,4.6907101,-24.495388,-73.775993,.41387114
43.417023,-39.848991,223.59644,140.78506,1.566813,4.0206327,-4096.9077,.34945381
12.860217,-22.544205,222.24786,113.59394,.98951638,-6.6508503,-885.81372,.053466849
21.560497,-24.168173,197.65906,104.86974,2.0276079,-33.604473,-1138.6764,.28728393
23.275032,-22.057507,174.30672,172.02576,1.4315763,-13.363074,-727.51959,.049276594
23.407541,-3.5133231,226.44902,117.53012,3.2213159,-56.61348,545.12189,.23681128
10.683027,-5.2393646,205.38252,134.33969,4.4449596,-31.809433,430.9473,.40109691
36.968361,-36.010288,190.00877,159.07584,1.1841589,33.426743,-3215.5002,.25281507
23.26454,-27.175871,203.26686,133.45245,.28141251,48.994255,-1741.6361,.17659508
32.151752,-36.479523,211.26964,135.16931,3.210808,58.348503,-3168.9009,.38985896
86.839218,-20.85037,140.29869,145.63873,2.6421351,17.676037,-422.71484,.37376657
54.822182,-13.344911,193.97435,131.07076,2.0977101,33.337437,201.40767,.30123103
44.89822,-8.8914385,154.00076,123.63068,1.0334331,24.584337,360.03555,.37529767
68.30201,-11.345893,177.46683,102.08813,1.6945001,46.861134,127.85488,.39016089
46.961983,-5.1473479,169.63269,134.84567,1.3519919,37.25967,310.39523,.33307648
9.3651628,-17.496384,158.62019,104.3442,.57506055,10.724466,-347.28088,.23013332
70.71286,-39.993015,187.98938,85.636444,.21250664,1.8275261,-4200.6665,.27885371
30.989574,-16.761543,167.85272,153.13817,1.1129277,41.6478,-116.20617,.15994564
43.54488,-43.653313,210.30414,120.46791,2.0339162,-23.225266,-5065.8486,.042758163
81.587997,-10.215445,174.38248,129.13371,.27841479,-55.219215,439.59613,.46937448
-9.0647373,-5.7586489,225.07339,126.22732,1.6002141,24.166613,667.61078,.011083473
41.373806,-7.8866916,197.05521,135.1424,.75079715,-12.811454,573.91132,.2863065
-15.298008,-20.433107,151.8786,141.23991,4.8947225,-31.781212,-646.01141,.27049491
-2.7448606,-10.884671,141.948,115.16901,1.3794613,5.0305061,94.510315,.22250646
33.933887,-20.087076,228.76172,158.51385,4.703402,-2.8049996,-468.27277,.3347626
4.6830397,-35.406685,170.74069,135.9229,3.9602087,-72.410545,-3125.8945,.22630146
35.911762,-46.734287,203.58553,144.70659,.65146118,59.24395,-5869.7026,.33653617
40.85955,-16.481655,161.145,113.15232,1.5573691,-55.123493,-12.834586,.28120148
-2.1081657,-16.569292,194.40538,99.069603,.8605727,-4.9174838,-264.57544,.098389521
87.259369,-15.546801,180.414,144.0721,4.802701,-7.0314636,-.15700944,.19138575
58.650211,-33.977234,180.98795,108.21743,.68320328,-23.388815,-2705.2915,.25257662
83.602585,-27.759165,134.65984,98.884857,3.6951864,-5.1128378,-1650.9219,.10066923
63.137543,-23.061981,186.72433,141.5428,2.4348323,1.3902042,-923.96814,.40255085
63.628094,9.4297523,211.537,128.55991,2.2510378,59.459126,411.86417,.011032677
3.884418,-42.324474,117.14993,116.03856,3.2696323,19.784395,-5065.3442,.091169208
13.758783,-17.148014,161.49811,101.99255,4.1925497,30.670628,-270.25586,.044507351
21.345259,-13.987548,162.08153,112.96751,2.7786255,-10.495764,105.7458,.27963981
77.831787,-36.296383,180.8822,94.971649,4.1320367,16.84753,-3338.9836,.37764099
24.441366,-1.2959861,142.041,109.60655,1.7799062,44.238056,542.58527,.44449562
51.073936,-9.6314383,179.05666,141.84641,3.8290932,36.20879,454.76987,.40090936
56.126575,-43.616642,130.04129,120.62291,4.5445471,-3.7923744,-5300.5713,.36439946
34.781803,-48.131336,143.9062,148.11098,1.1635345,19.061295,-6153.3257,.23403387
31.24103,-9.0224695,238.30725,158.36972,1.4858564,76.860527,387.60556,.1147654
61.453739,-10.084237,200.95473,85.985985,1.1431679,25.920639,371.64685,.16694146
-4.9628806,-28.032757,189.50023,127.98518,2.8456142,37.129852,-1650.6631,.37862331
84.942558,-46.524624,214.08481,133.93994,3.6965437,32.084396,-5774.791,.46852201
68.946411,-12.861326,157.95584,149.41441,.34747311,-6.450666,314.85242,.47873601
19.03458,-6.4967165,215.52449,125.27743,3.9368312,-78.554398,674.48596,.37654227
56.261185,-18.105974,150.02478,99.598511,.13130997,47.290215,-201.11278,.45247468
49.11414,-22.712387,184.15906,148.64568,1.7661686,64.751511,-880.78125,.1971374
40.272022,-24.08457,183.54054,95.656738,.99518436,-30.781046,-1226.0356,.019880487
84.258209,-28.278664,221.03716,122.72749,3.0060074,15.930939,-1770.0746,.00015671516
73.508415,-29.470797,187.328,92.013741,1.2757137,.36861461,-2070.6367,.29099047
12.282841,-16.235052,155.40776,123.54787,3.6567695,-11.047505,51.143105,.30228898
7.6992064,-35.495415,196.9664,113.06628,2.5849428,16.510216,-3198.2771,.33607891
48.905758,-37.859268,138.17041,163.25066,2.4228463,6.0803428,-3695.2041,.022929218
13.787354,3.7448027,210.73833,133.27187,2.9899998,-7.8524404,493.8002,.17094974
-4.7837825,-25.35368,199.00746,121.69859,3.0894008,-15.861217,-1305.7286,.30845121
63.62886,-43.622231,189.28786,137.05296,3.656539,-20.30389,-5014.3643,.0022026941
39.549458,-12.554176,174.77547,110.57719,4.1868753,-14.181861,102.79992,.10552996
26.133007,6.094574,201.59448,119.39724,4.3213811,-55.211235,658.22241,.22467376
52.089813,-27.334625,142.64702,116.43519,3.6141152,40.368774,-1584.8477,.31122637
73.140541,-32.240959,129.041,135.44806,1.3720909,-38.749699,-2571.147,.099940151
39.732086,1.4564638,171.82176,87.257294,4.0578518,-8.9905596,570.31036,.2433729
71.722206,-2.4508591,198.92537,142.52884,1.9045734,-9.4353981,647.61108,.15252368
54.563786,-21.628084,143.49199,116.98946,3.4495361,.72182631,-768.41718,.014150038
21.84067,-18.994474,140.24231,102.11286,4.0373173,-37.750557,-383.05655,.3953813
21.111671,-29.216602,228.31348,166.45883,2.7727046,-22.883417,-1853.869,.24791268
58.750546,-11.745713,184.39548,172.12343,4.2833443,-14.869122,447.54376,.40399516
69.122391,2.8189588,218.50909,112.80787,.66947478,26.78669,491.15344,.080977984
33.323105,-4.0500298,165.0473,166.42087,2.4363592,-20.877831,528.23645,.39295852
36.425575,-24.72467,150.98079,101.93916,4.1369305,19.315819,-1167.8307,.43767866
41.016205,-7.0726147,203.82607,91.469353,.36067098,5.0864387,592.39154,.026790569
29.949404,-17.463818,132.44867,129.24953,3.6882076,20.288876,-388.55154,.37554902
66.276405,-13.860644,167.26807,135.36655,2.9684947,28.673662,151.69966,.39548633
61.650043,-11.953207,226.52725,124.28712,3.6196005,-17.561045,482.01917,.38667661
54.09721,-30.1805,223.67273,127.15641,4.6579981,20.661671,-2109.4448,.41142476
97.790199,-18.666529,178.70544,80.494148,1.9362116,-38.69706,-332.72714,.042626761
62.410885,-10.448299,217.83653,124.96276,1.1920025,36.812485,414.79401,.39502448
28.680771,-27.792219,142.28986,160.3737,1.0620984,16.588079,-1775.1669,.050689273
-1.2200485,8.7372456,167.14838,144.80803,4.9818273,34.597313,415.93472,.26984307
18.937561,-8.074255,183.94385,124.6661,1.580357,-47.091496,282.42819,.38514677
15.269009,-11.741264,199.75742,112.95303,3.5353289,26.083935,164.53935,.32527366
74.01358,-32.085018,212.62546,167.40967,1.6540093,-2.672497,-2427.0874,.080921791
25.915199,-23.906593,182.86847,123.23831,4.7824993,-25.442274,-983.79584,.31907058
23.384462,-53.723495,139.54662,149.56914,.43633571,2.6835384,-7971.4277,.49284473
52.626148,-47.142067,222.28581,144.05974,2.0622909,-14.376311,-6058.1587,.4388614
-34.109818,-16.712177,216.18062,122.33418,.1323382,31.782898,-262.34683,.14005859
23.31921,-6.4025664,212.45439,138.18443,2.9551184,-20.35438,681.78668,.094799764
16.420607,-31.494675,196.35727,118.37329,4.6232285,57.254181,-2397.0193,.090227067
20.452127,-35.143303,161.9688,129.81313,.15967153,-21.486542,-3277.1973,.18792491
80.640465,-26.864393,171.0838,168.51703,.57206821,10.330301,-1373.0021,.41883573
5.6951728,-6.8662038,131.70062,88.274384,1.0632501,36.498516,472.01062,.0010801653
-5.5811563,-38.69632,220.86247,122.63864,3.5486059,42.125107,-3861.5371,.33323485
43.609463,-1.8592817,180.61118,156.86005,4.0086641,5.3419914,817.58679,.38882753
39.545433,-35.885277,115.76447,108.52725,2.0183074,3.0948865,-3276.1545,.12763736
49.759468,-4.299417,210.36125,111.88004,3.7721066,32.526321,749.87201,.40155798
63.859795,-19.582771,166.92044,104.77808,3.1252949,7.7985587,-506.36813,.059694741
31.430984,15.747142,155.18242,154.61531,3.0051019,31.497337,137.24919,.025789961
70.046402,-11.819817,232.57602,122.93457,4.4663982,10.82586,504.29431,.43074921
10.919511,-5.3162675,152.85608,127.40985,4.4032803,2.6604204,378.32492,.27870563
-8.1606464,-55.810654,168.93639,141.3978,1.6744221,4.5735226,-8955.6797,.13269012
45.690937,-35.437809,142.69542,156.08427,.77182919,-9.7035093,-3341.1902,.15606013
21.207907,-18.877977,198.07326,126.52457,2.540854,25.150072,-361.4617,.39895552
67.693565,-17.775309,202.01848,136.38974,2.6787028,-29.315172,-276.32544,.029521523
30.502094,-5.0683627,139.06171,137.96304,3.1613281,-15.724996,649.33398,.09424071
103.22237,-13.306331,216.10141,181.99901,4.8747816,-22.60157,490.08621,.33259821
108.13104,-15.776109,187.54781,100.11773,2.0471842,-11.50671,-126.18933,.29482603
45.05201,-22.357567,165.06857,163.78714,.8047592,-7.6815844,-840.75983,.20779099
57.359005,-17.609184,207.68893,129.34711,3.6638284,32.139095,-331.2829,.36070734
-23.941961,-33.413677,148.42775,135.26311,3.2569113,29.371098,-2972.7666,.48278937
50.215519,-25.193674,190.61063,138.1232,3.0481639,25.184418,-1244.413,.21997347
29.654425,-30.081806,184.48909,113.58041,2.9312203,-56.135765,-1822.2074,.45812523
80.621216,3.7585881,171.75923,100.17376,2.274236,21.858932,749.20148,.0049538887
48.378448,-29.108444,177.2274,167.0217,.11841802,35.555195,-1791.7471,.34253004
44.21949,-17.535116,218.58871,167.75095,3.2321944,-17.647375,-356.58878,.09754122
15.402774,20.48502,250.68497,174.05222,1.2193073,22.751095,-353.83197,.10696991
84.672073,-10.970449,182.07846,175.83638,2.9026637,-6.9422293,461.99039,.28669977
49.771145,-25.462954,204.17459,129.58542,1.1077802,-52.366982,-1302.4908,.040413532
28.358732,1.9807012,214.27477,137.71962,1.6080695,9.4869595,632.59204,.33360276
46.988102,-7.0199485,189.02269,144.83818,3.3097277,-34.837048,722.22375,.28632
45.097153,-23.87657,151.1931,143.31052,4.3305678,6.6901555,-1009.2787,.045518953
75.74894,-20.366646,195.53024,129.65584,4.3637476,-40.198067,-468.16394,.46703181
77.047615,-41.370667,155.04738,139.94777,2.1394341,6.7082038,-4303.2754,.35837352
-16.012047,38.338825,215.92439,158.69872,.059574243,41.182499,-3379.2813,.21231709
30.699974,70.105362,217.81322,122.89858,2.8439677,22.152788,-14170.431,.1647663
22.841005,48.684566,208.58733,89.691895,.47062534,6.4699988,-6379.9185,.2712099
22.305201,50.894375,161.15652,145.04729,3.9935548,2.0592062,-7021.4956,.42111674
1.2457359,54.205959,154.04384,125.81744,3.4399939,-43.384228,-7984.3257,.16595028
35.212502,40.460247,167.52469,144.93289,.6217255,37.372879,-4065.4871,.15799749
107.05338,56.577675,151.2457,105.21152,1.1976252,-27.181622,-8593.6396,.065147802
89.54097,41.173649,204.67886,174.60188,2.5570092,-5.2526355,-4102.9521,.019809576
34.163395,52.237663,218.57147,158.36783,4.9971914,59.188953,-7347.3135,.33471784
68.175888,36.711643,154.81958,134.09804,3.6951568,-35.133156,-3114.8081,.26863059
96.282753,43.249821,187.38391,130.14287,4.8903432,12.916036,-4844.6108,.40630093
89.294884,49.829811,135.27429,117.76637,.18879938,2.9244189,-6473.2451,.44372329
-5.6558018,37.833733,183.33995,159.39665,.16128549,41.528,-3429.4265,.43580848
36.366634,45.351891,188.94421,130.31778,1.3020288,21.697157,-5291.9922,.2716772
54.55806,41.260757,131.37738,132.09224,2.9104366,-37.971924,-4149.5,.35375428
19.57217,54.291618,156.88136,139.52136,1.792215,-50.13118,-8097.3916,.49701756
73.779572,48.818611,197.84148,157.01924,1.2053369,-2.2385268,-6208.5498,.49541199
33.548275,32.220135,161.31339,113.06995,1.557374,27.328362,-2508.1628,.2669197
69.54248,56.508308,199.3989,146.78773,4.9907684,42.189095,-8774.9688,.034318622
88.174225,30.941765,129.87639,129.37003,3.8063512,1.324558,-1984.3644,.18960559
68.571609,55.534409,196.13171,156.52133,2.0419145,-18.486282,-8430.6523,.37437603
47.334339,47.627998,197.28299,104.05226,.46536595,32.424644,-6170.3906,.10208845
72.41803,55.208302,151.63348,168.19933,4.8941569,35.997578,-8162.2773,.40508449
51.98394,51.653851,200.40514,121.02893,2.5593853,17.533957,-7045.022,.38118029
65.634804,58.569286,148.96919,125.53923,.94181645,-.49225944,-9394.0303,.0053699305
15.883281,36.996662,150.5808,139.27454,3.9711015,1.7436824,-3348.9136,.13029218
8.0847816,46.355457,166.27086,98.7435,1.3426403,-34.36797,-5909.2173,.088512823
41.316406,55.791901,165.43558,124.49059,.9961797,13.837425,-8505.1396,.49088168
75.594215,55.806347,217.46024,129.66017,3.643326,-7.5098786,-8550.2344,.12116673
1.4165189,41.885754,140.86627,120.02661,2.4565914,-1.2688143,-4785.0957,.41008213
-10.90614,65.538887,181.93071,144.87335,3.6678612,37.176258,-12076.179,.11998954
42.219902,57.665195,196.60834,107.58108,4.03616,-21.925228,-9142.165,.44405901
48.080235,66.451431,196.80107,150.95865,.054874167,40.395073,-12279.135,.047325868
61.199493,67.189575,206.02225,107.54414,1.5717324,10.702005,-12820.402,.38523251
85.049637,59.5867,193.99782,133.49367,3.5221283,16.551315,-9568.083,.19355395
31.2153,59.182777,197.57962,110.03349,4.9835296,-1.5097085,-9899.5078,.30425143
62.910248,51.14827,149.53938,144.38292,1.0958413,-31.177134,-6972.2734,.16444485
41.770046,36.221333,203.15315,165.72926,4.0887351,-1.71224,-3066.4312,.22811006
-2.2012064,39.490189,185.01726,121.50117,4.4715009,44.450684,-3940.6001,.081903756
37.022362,61.965069,188.2356,122.13573,4.4667044,-6.7655525,-10580.118,.47220209
66.926758,52.855869,200.76442,108.62518,4.015399,-8.3124495,-7552.6245,.065772653
79.736107,48.635979,164.67426,129.7473,4.5934372,69.530144,-6299.832,.17204499
-999,42.0825,164.64661,116.18814,2.3956296,36.094009,-4661.8291,.092814669
76.995407,52.6087,139.31194,102.41212,4.641274,-8.283309,-7309.0576,.12144386
20.61694,37.113605,160.5486,139.34291,1.6638241,28.654888,-3282.2419,.088419102
61.894119,67.534103,167.42662,130.38213,4.0547419,7.345861,-12781.48,.023072172
69.746071,37.926567,155.3797,130.42461,2.4564171,17.28656,-3583.2253,.040477872
-17.514866,44.168888,127.59545,145.96408,3.8336847,10.086006,-5089.2778,.41478211
6.9979787,62.6544,194.31747,128.45111,3.0933936,-7.3310323,-10941.318,.017919619
64.028091,57.415989,130.12703,121.23793,3.9171562,-.54329878,-9017.1943,.011149178
65.085159,44.691391,168.80429,133.27266,3.8543134,27.305061,-5251.0815,.39153573
5.8286891,54.926014,172.83061,136.93979,2.7501266,28.324362,-8243.2188,.42908692
66.756332,58.133545,230.80653,141.17731,4.9048357,-63.817787,-9152.5889,.33945814
28.703678,31.597498,195.71393,117.99872,2.5844624,17.551529,-2325.5518,.17892608
78.832298,48.307217,137.44099,138.84248,.24542154,17.304279,-6107.0586,.05464036
36.259457,43.272793,153.50911,167.56859,4.7197676,7.3181949,-4772.2998,.29774028
25.516911,48.787251,180.97159,122.80071,.79183942,-11.273748,-6486.8433,.33578134
27.958151,48.986649,145.10698,129.04318,1.3081331,-47.071415,-6532.0435,.49085811
70.477737,43.184441,151.03235,144.34424,1.7078515,-12.8074,-4772.0313,.016969297
51.991859,49.363068,124.23959,122.64691,2.0979404,23.778635,-6625.7725,.32024714
52.630474,53.998596,174.50513,136.2229,.92214632,6.1519947,-7701.2813,.16224593
42.280899,41.998035,235.90755,166.28127,1.3330425,43.785149,-4562.2437,.13205849
42.497124,34.495522,165.31558,156.37094,4.7498012,-.18364309,-2820.5684,.16495682
85.646545,47.942238,162.99977,89.684052,3.7123504,-3.8406482,-5953.7129,.37906969
70.210991,47.391045,185.23125,102.02927,1.9001108,10.76686,-5967.8213,.16112991
19.499355,46.517002,231.94798,145.10301,4.7502413,31.321634,-5616.4038,.11700127
30.910557,47.735104,215.14941,149.7337,2.5536578,38.409229,-6034.8564,.48705471
36.35215,56.976593,180.61578,129.26312,3.0007927,-15.542644,-8946.1924,.0071658366
-5.068397,42.687283,126.4383,107.88691,2.6070991,-32.641281,-4942.4604,.073116817
21.504232,39.411972,145.16789,128.65741,.83309484,17.102385,-4086.0452,.024893524
75.791916,47.322433,235.51886,182.88945,1.423483,-3.5255055,-5652.6226,.31210896
60.482521,51.144615,166.01953,114.6237,1.6376672,-4.7993622,-7000.5874,.19562551
13.736453,60.769691,164.33434,126.70139,2.0661476,33.922215,-10395.495,.012192432
54.706161,52.106171,159.76579,150.94234,2.0196669,4.4708128,-7286.1919,.03344845
37.433243,62.475697,156.69888,161.52646,.86690086,-35.334179,-10573.417,.0060942471
54.773151,58.971786,131.77963,151.87767,.93623543,-33.300655,-9660.9502,.39867216
69.732788,36.854839,174.61761,132.79518,.041769959,-53.243824,-3451.3684,.42142743
53.041027,69.542786,140.19556,154.21474,1.3232273,-12.837358,-13727.171,.46397707
39.445255,51.460819,175.69788,145.03465,.14419983,5.0876861,-6993.3071,.057934016
80.225876,39.61351,154.66847,139.61923,1.0564954,12.86572,-3818.0408,.31187913
35.778584,35.355381,183.77199,130.39127,2.9703496,17.760687,-3207.4312,.2819739
49.339314,48.158882,162.48535,115.29334,4.2755699,42.253269,-6165.2837,.17292196
52.065079,43.214809,213.27837,140.7744,1.5778942,41.749199,-4752.5107,.15424928
34.847523,49.893234,198.54712,119.52725,3.6920877,-2.9291861,-6541.1157,.38500246
35.95734,71.736938,211.17766,125.44324,1.5444311,21.095875,-14885.886,.075295359
54.449215,34.743641,206.58818,175.13914,1.7948288,-9.5077219,-2692.1406,.23830706
53.8232,51.61969,155.15324,155.43796,.38882321,-7.8918796,-6993.0913,.18114239
67.910263,48.00864,132.06461,123.48529,2.0792558,-37.223129,-6099.791,.084586091
26.504858,38.147411,157.76328,134.88564,2.5934303,-10.638898,-3671.0269,.42417511
43.062183,54.353886,194.35439,92.751472,1.3884034,20.129385,-8154.0386,.20698878
46.188408,52.977161,147.85669,116.28076,1.0186778,12.763111,-7782.0669,.40483958
47.797619,69.16407,144.23439,138.31271,1.7817415,17.005487,-13510.004,.31760177
75.394394,47.958214,178.64343,146.3405,.97381449,-57.717739,-6005.0898,.29278785
5.0938087,55.912346,198.72322,125.71305,1.6306535,-10.27486,-8600.8672,.083129913
80.51078,60.269062,122.71598,130.66652,2.9243922,18.03754,-10054.975,.0024209719
9.582777,46.234974,160.1454,110.09209,2.8571906,-7.7647557,-5666.5205,.34733507
31.892365,50.165615,230.75768,133.47934,2.677104,18.626247,-6537.0566,.40080041
27.748343,50.267239,174.65184,153.94337,1.3063679,-26.642138,-6899.7397,.31387144
92.404617,43.642776,212.15451,143.06392,4.7553725,4.9006653,-4721.376,.025152106
41.742287,59.985691,136.69496,134.81647,2.0383351,-24.839523,-10020.551,.027855191
37.27066,67.950523,174.60933,150.05493,4.7821774,1.2351198,-12853.506,.34250653
48.726692,49.046745,155.79747,130.08746,.84934276,-29.359518,-6306.9199,.0015841614
35.683388,52.100677,134.05222,135.43402,2.7344515,-3.7697158,-7507.6411,.20021461
27.422447,45.640022,177.73543,141.46205,3.605999,16.498884,-5169.6274,.1703276
41.299286,47.036358,162.73987,135.73767,4.5470352,-26.377977,-5904.8984,.47655758
8.1650229,48.191563,130.86392,101.04703,3.1522386,-14.965891,-6257.2329,.30477214
36.802265,45.42828,219.96741,116.50888,1.8740954,13.428063,-5411.4082,.38391569
49.758118,55.549038,173.83011,116.97427,1.4025482,-38.064613,-8345.9258,.22845384
91.266731,43.862873,174.01404,112.45448,1.8763071,-15.908916,-5167.7676,.45966053
-26.569489,29.192162,161.2012,89.676605,.48517323,23.960865,-2160.0017,.36614266
93.568123,44.81757,183.42215,109.37176,3.8233569,36.472477,-5286.3872,.3928073
47.350662,57.199909,114.67498,89.038864,4.6481872,-17.312929,-8919.2422,.12212366
47.891388,51.539619,204.54337,133.57524,3.3439336,2.4441357,-6970.7573,.23981582
26.355383,52.79253,197.88652,171.6584,1.0125262,2.9122365,-7453.353,.24235176
31.128113,50.960163,159.26675,136.05373,2.74793,-5.2692704,-7036.7798,.15848136
46.827129,52.979015,120.15376,127.23163,4.6224656,-9.3446922,-7777.7275,.24071315
31.430906,45.609207,150.26532,115.56702,4.2315369,13.651822,-5416.6802,.40713519
57.136326,43.76498,238.39001,134.74937,.81299001,22.470335,-4799.1426,.49904948
63.134975,49.441296,138.4814,110.14538,3.0508738,-2.6485431,-6411.772,.13397954
12.17851,58.2999,162.41234,104.68475,3.0389154,-12.180061,-9392.9512,.28369421
22.944332,47.101074,155.4184,138.22545,1.6515621,-58.567127,-5858.5679,.09216246
32.866711,40.107048,176.52176,119.15852,4.2894087,1.1187392,-4100.2305,.052100688
28.978792,63.546768,170.17128,160.4559,3.6814353,-30.968773,-11187.345,.11620206
12.135436,48.905483,207.79514,152.88161,3.5608211,10.020456,-6332.2817,.083201274
65.825233,53.984455,123.98112,118.54549,2.4979484,-65.889015,-8015.7959,.38512954
93.10881,47.343395,134.42279,142.34242,2.925539,-27.542419,-5984.5576,.040463705
28.9606,37.648933,150.37888,126.04742,1.1973201,10.223636,-3554.4387,.23365355
10.84115,51.242954,223.81673,126.34838,4.432075,-69.360931,-7117.2827,.45873842
30.182898,68.441917,155.30704,119.77872,.15375398,-22.74424,-13057.4,.47030932
70.209785,63.097275,181.82108,143.03717,3.4809978,45.647392,-11143.319,.36615306
29.667131,31.766798,196.32431,105.26438,1.5932616,38.9575,-2403.9722,.29791695
76.907707,49.0355,153.45181,156.89383,3.9301891,-7.6135931,-6157.7358,.12010557
31.678246,62.097813,177.21614,144.0491,3.4043581,32.715645,-10588.953,.11720124
-1.4679469,58.742191,235.67589,169.63596,4.7933831,46.702682,-9636.8848,.27320942
-22.796886,46.134064,171.85565,118.01437,4.3796287,5.5709214,-5596.4438,.45195735
51.987843,40.619015,150.62152,103.3848,.19451161,-29.971308,-4205.3379,.1175077
30.809967,61.251328,212.83797,147.98082,.70712984,8.6610994,-10575.188,.24219421
-9.7780256,42.587078,252.09926,155.79076,2.9160278,40.005947,-4677.0674,.33251247
8.1611872,57.241676,146.23026,167.24899,1.5040766,-35.574478,-8830.8252,.25706902
42.230141,52.633995,206.02721,136.97595,3.6024632,34.18029,-7565.0283,.02171615
62.223442,49.334206,201.09496,158.78543,2.9392421,28.119307,-6363.2827,.12281764
49.811726,60.198296,214.2196,125.54303,.9069159,4.5927505,-10129.727,.30460438
57.100647,61.107948,193.10152,99.633812,.2289308,-19.172642,-10293.568,.35328156
-34.804123,39.250774,182.5909,139.69977,2.6102142,-7.7207594,-4010.2527,.12410945
5.1881247,50.382652,128.60742,105.61819,3.2012923,-16.683252,-7039.9932,.16576703
33.082378,55.138573,143.28394,148.3609,4.3162603,13.724995,-8204.4834,.28672862
.96794677,34.0242,201.94455,123.58646,4.6754861,40.432991,-2767.6523,.12945056
37.072147,62.728905,203.41231,156.07426,3.1345067,26.450407,-10966.82,.14144866
92.149429,63.816998,179.34918,132.15977,.58855754,-19.755293,-11232.568,.081910573
11.447727,51.043987,197.8558,170.61298,3.5347607,13.058848,-6986.7612,.22031653
43.480728,48.173424,153.00645,116.99533,.94103336,8.3017912,-6155.7124,.00091017911
30.426237,56.632339,150.19475,110.08449,.11192447,-51.617569,-8799.5977,.29546449
20.436689,46.558262,133.03633,100.03431,1.3465459,-5.9447327,-5810.291,.27475509
39.85059,46.527374,121.45798,101.13663,1.5428693,-34.466225,-5870.3208,.067645118
44.973965,79.534775,187.19687,161.66844,.67594051,-32.986446,-17972.129,.24483186
25.782906,46.180016,172.80573,144.57047,.21050948,57.521114,-5727.5161,.21523045
25.869528,42.6665,170.89621,128.96777,1.9973733,37.539848,-4748.4468,.12446865
71.827461,49.010151,135.03821,156.87341,3.6406634,-.77946121,-6432.2476,.29910493
34.606709,28.006041,190.3149,110.60951,4.5059457,17.025778,-1896.0945,.11893392
69.099281,46.529598,160.85789,124.05731,.59748417,6.2504349,-5866.3506,.13562097
77.447357,59.131992,167.64014,122.62491,1.5074199,.084534824,-9590.3955,.22593044
11.193866,56.921001,198.24646,88.302536,.64288396,30.622126,-9038.3037,.16307375
79.544609,62.805588,227.05829,106.78883,1.9340906,-39.544106,-10869.687,.30195913
21.742363,42.987812,203.79124,162.9127,2.151109,-7.0997028,-4772.4014,.025941882
-17.950861,44.589264,149.21819,130.57858,.91388583,-24.314507,-5256.3682,.11018591
22.673298,40.446976,207.6637,130.3873,4.7974114,28.606804,-4159.3662,.44163772
79.815414,39.466362,179.10213,173.04544,1.2153442,-3.8314941,-3609.7903,.24895377
37.626892,43.883766,188.61012,112.7515,.90582776,-24.336369,-5153.3931,.37511587
57.743687,44.907265,131.10275,131.56535,1.4897717,40.045921,-5382.4448,.39111611
35.785194,52.661701,190.54089,150.24234,1.955146,38.71122,-7581.8071,.46445885
80.547577,48.90572,151.37981,115.93819,3.0824101,-5.5669899,-6467.897,.0095336214
8.8177509,52.653118,139.71239,124.82424,1.2026647,-20.10207,-7550.1123,.38602635
43.090008,57.445877,193.62704,117.39079,.10040966,-13.607314,-9151.8213,.17854084
-7.327004,61.828892,145.34067,138.12549,4.0170479,21.832104,-10910.766,.44069451
29.370695,45.589535,171.63908,129.42647,1.1712404,-6.9192395,-5593.3364,.20125692
58.898186,52.625313,196.63985,150.35027,3.169476,45.95224,-7548.624,.22639289
8.7523289,55.431004,116.50823,91.126587,.96024895,25.747374,-8498.1387,.018119482
19.907991,47.767498,205.54999,115.91028,.4051666,4.957593,-6195.6802,.48994422
33.881889,61.457191,229.49182,129.21312,3.3848639,-28.017437,-10400.343,.18110363
73.387932,64.63604,122.97623,115.68224,3.9364915,-47.804626,-11726.891,.29617298
24.356541,40.842484,219.54182,94.061295,3.1186085,-17.27704,-4246.6841,.44624561
7.1504483,39.155476,170.36398,135.03596,.0025925539,-47.193512,-3790.8826,.12985173
10.955565,52.530094,173.27786,134.16747,4.2303858,7.8242893,-7334.959,.45976672
3.6759973,76.231834,182.30421,128.28957,2.2478106,31.466923,-16676.338,.25935233
-25.720741,45.938671,173.87228,134.73647,3.1789668,-8.9367971,-5832.2832,.36404359
90.666939,65.506813,193.74313,87.831337,3.8129945,30.595409,-12008.531,.37529042
26.357904,55.407898,210.38705,140.36078,2.6158168,31.901594,-8309.7188,.18885741
28.976126,60.990791,186.55969,128.6929,1.6564618,73.827576,-10592.17,.0058558737
63.919018,55.640602,129.58006,147.43275,.81809425,16.56867,-8414.5225,.41104147
92.846336,51.38052,219.69548,158.46014,1.8178403,20.975618,-6956.3042,.46708992
70.4562,59.487522,165.61185,159.05565,.27835867,24.145721,-9642.3643,.19513722
78.062698,39.629898,185.9375,114.25812,4.032033,-21.850245,-3794.8723,.13583054
20.246204,47.604366,170.73158,97.400848,1.6946194,.65244269,-6208.6069,.31223828
-9.5630579,33.904133,185.10847,116.95135,2.0607138,-6.6979837,-2754.804,.47392809
4.0675683,50.420963,136.66998,92.227692,.83994323,18.510984,-7007.3496,.20746189
39.112312,56.3685,209.32684,160.80919,3.7846735,1.6449846,-8638.9424,.41810358
98.515785,62.023392,209.06497,125.2501,3.5765994,-35.312782,-10553.266,.035498425
53.212334,30.617805,147.79321,156.16345,3.5438681,.9079321,-2043.8439,.02635924
85.928932,54.668785,178.77927,103.60625,.44062501,-4.9143434,-8133.5674,.49891406
23.054699,42.870937,200.04515,107.1258,.23277801,-17.274841,-4902.3877,.0088734329
80.403633,49.989452,149.11723,141.42018,4.3648119,-16.929985,-6926.2915,.24944159
98.150139,76.880035,162.97394,139.00372,1.8608761,16.618294,-16735.285,.29921791
11.199948,45.3936,200.74454,121.8724,1.9083737,-28.531448,-5450.3281,.038003981
104.6522,52.64547,231.36557,157.47375,3.4404206,-1.1782323,-7419.5322,.36819771
86.695534,40.306755,224.69725,167.45764,1.2089331,35.087894,-3930.4438,.25155914
33.276913,37.35107,174.05211,91.118599,3.8234468,-14.084913,-3593.5247,.36497119
36.233711,40.341419,152.87154,123.95282,.11867804,18.336983,-4082.3542,.019787781
37.009354,32.563461,181.18861,119.35394,2.3760149,-51.47937,-2472.731,.21512102
1.7550811,45.750122,166.50279,112.13436,2.2068806,-17.623878,-5714.6943,.25672668
-6.1969671,41.255154,188.20421,110.3215,1.4165679,27.339283,-4429.0469,.30030715
-23.902981,48.923557,177.34221,112.33852,2.1775715,25.070873,-6609.2461,.035882909
79.938133,29.65851,193.53058,174.82748,3.1604755,-16.80888,-1690.5641,.45821124
55.430569,44.148952,168.27902,114.81603,3.8576264,-5.8119493,-5057.7803,.16629286
85.084885,58.692989,190.76112,171.89624,3.4237928,-29.901514,-9111.5977,.48340887
58.153404,64.629066,248.04831,165.20824,2.8664455,-17.530731,-11581.93,.49790177
1.6217477,67.218887,153.1978,177.74911,1.084457,57.242352,-12730.107,.23732118
37.042706,47.0979,188.44325,94.280396,2.8408806,14.806005,-5709.6128,.12809893
8.6818142,38.694092,168.4478,120.27345,4.3909011,10.856247,-3774.8325,.31517759
47.260006,47.00613,129.77646,116.24731,2.4538269,-.7413649,-5923.7017,.16578479
36.010662,48.598553,170.50633,141.70039,2.6596057,3.0901895,-6216.2427,.084554762
36.986633,48.557426,209.47008,162.40773,3.6350009,-21.416721,-6288.4429,.012618017
20.399763,52.292519,183.55106,156.30144,2.940177,-6.9308305,-7385.0229,.04461202
27.981861,51.901928,154.10123,157.9566,2.6455126,-35.275043,-7270.8711,.48603895
68.736488,52.631725,128.66911,135.02118,4.0402613,-9.7932959,-7416.3374,.30597997
56.212822,82.145737,192.84219,97.560364,3.0977535,-14.355942,-19445.18,.41843697
40.205704,45.998379,209.7272,152.02525,2.3077927,18.975525,-5862.6123,.25446221
32.490364,54.140556,211.62848,172.02765,2.6861792,-14.133532,-8017.4341,.14151049
62.213993,44.401676,203.12001,165.48674,1.0931976,-19.476492,-5399.0264,.35289815
44.354675,38.233341,205.05737,162.19569,1.5556471,15.535283,-3594.2705,.30519187
48.649055,56.041691,192.67484,149.255,1.8945301,-81.621422,-8671.5605,.39464945
31.544153,53.362015,194.24599,126.29453,4.6484766,4.0000463,-7867.9976,.48120362
-23.757574,41.887585,233.89912,174.44978,4.5087228,-19.681931,-4328.1787,.022155145
41.563099,36.544369,135.85442,123.86881,2.639291,38.996506,-3245.167,.044761278
91.711632,67.93013,119.13801,142.4216,3.4147484,57.23851,-12836.62,.12131583
91.076942,58.514378,198.27786,133.46349,4.907959,-46.73085,-9506.3779,.075591274
52.448185,33.265404,182.95897,161.22415,3.6487103,19.854795,-2389.8755,.459654
59.476231,49.900414,164.0031,110.74136,2.0051692,-32.464352,-6553.9932,.010340759
17.913883,59.859741,224.22737,137.49789,4.3531957,19.90419,-9809.7764,.44784218
22.967789,34.427372,189.13908,149.11995,.26063448,-23.518959,-2951.5979,.0011689883
-35.685669,34.217144,147.22809,122.77371,1.6508853,3.1414208,-2790.9314,.20518674
45.691139,47.873787,131.59436,94.701309,2.1293578,13.616916,-6120.3721,.46788988
12.811827,64.817635,230.69342,149.43904,4.6770477,-34.570332,-11875.972,.073287748
40.457687,53.090214,164.13606,143.72575,1.2484758,-17.892305,-7471.8604,.33158603
38.812714,61.776596,189.37299,107.44627,.48574504,18.069872,-10678.121,.34270629
8.2457247,46.67276,122.66072,108.26563,2.3315184,-19.140245,-5894.834,.020281792
47.145222,56.12759,149.44009,126.34306,1.3106805,-37.865852,-8384.4229,.24557905
59.670082,51.313278,209.70039,159.54579,4.4674067,46.486904,-7070.9526,.38783717
34.050728,47.545013,175.132,111.75385,4.0511837,.11616421,-5908.521,.12512603
63.652664,42.96954,145.60831,142.23918,3.9135222,-27.144741,-4888.3926,.028735865
15.261885,56.721458,151.11093,139.43448,.25551751,13.191629,-8879.8379,.052707162
44.625916,60.228348,142.85419,112.07059,.71194464,-17.952452,-9947.8594,.0034027542
4.0420327,46.169838,131.34785,134.23363,1.7687157,-27.362907,-5606.0098,.28546309
65.229027,48.616665,176.13284,125.41109,4.4394751,-25.165703,-6372.0854,.032247923
14.651003,43.775398,146.29433,143.27492,2.9575694,-33.115337,-4971.3623,.15336253
8.6723404,57.512016,230.94827,164.38164,1.345871,-34.828983,-9025.6445,.046125054
52.595905,66.304207,108.54599,95.238571,4.3999639,-4.2964916,-12490.779,.11348513
45.608864,65.442154,202.54619,124.63051,.7271347,-.17423652,-12087.751,.4919737
-13.439993,35.998608,188.18472,106.54491,2.7261667,-25.785656,-3245.7305,.13277449
59.218872,30.593697,212.44885,103.61536,3.3437874,3.1463218,-2076.7253,.18267599
-17.312412,51.537411,214.60933,114.0434,4.5157752,29.876549,-7120.7256,.22300732
39.155262,52.67437,140.03093,107.0033,2.6414599,8.6789045,-7567.5664,.47556248
20.971853,48.263142,209.67276,132.33095,1.7268865,-41.932228,-6173.1011,.42883486
91.61116,49.046196,153.17924,134.43544,.030602457,4.280746,-6603.0415,.20368133
10.85831,44.128971,184.24396,107.58832,1.4840603,7.0736012,-5190.4043,.11088276
76.704025,46.928524,153.47449,171.44266,4.7002478,-43.263439,-5611.3701,.37800491
36.231182,43.852951,193.65134,134.08783,.55397993,37.203251,-4962.9551,.41364989
110.32945,73.845039,173.53482,117.65934,4.5537295,-30.631773,-15350.165,.0037314408
51.85078,37.90152,158.04243,109.59698,.27183139,36.336308,-3490.4275,.048248202
15.326638,42.569771,189.86859,152.79832,2.70994,33.145649,-4713.8687,.24751157
21.180832,37.432953,231.84232,145.73315,.88247436,-35.628231,-3350.856,.23557232
